UF_LPI,MUN_LPI,Latitude,Longitude
RR,ALTO ALEGRE,2.9900927,-61.3089649
RR,PACARAIMA,4.4787884,-61.1389799
MA,AMARANTE DO MARANHÃO,-5.56913,-46.747284
PA,CONCEIÇÃO DO ARAGUAIA,-8.2696905,-49.2676864
AM,TAPAUÁ,-5.6232283,-63.1879157
AM,RIO PRETO DA EVA,-2.6990647,-59.7012494
AM,MANAQUIRI,-3.4305885,-60.4593078
AM,MANACAPURU,-3.2996768,-60.6213528
AM,SANTA ISABEL DO RIO NEGRO,-0.4160389,-65.0153096
AM,CAREIRO,-3.8185277,-60.3616505
AM,ANORI,-3.7435254,-61.6605203
AM,IRANDUBA,-3.2758203,-60.1867429
AM,TABATINGA,-4.2327349,-69.9263372
AM,BARCELOS,-0.9729214,-62.925635
AM,MANAUS,-3.1316333,-59.9825041
MS,PONTA PORÃ,-22.5286917,-55.723426
RO,PORTO VELHO,-8.7494525,-63.8735438
PA,ALMEIRIM,-1.5290377,-52.5788111
PA,AFUÁ,-0.1573523,-50.3908023
MT,MARCELÂNDIA,-11.0794264,-54.5202451
AM,PRESIDENTE FIGUEIREDO,-2.0486359,-60.0236658
PA,REDENÇÃO,-8.0299327,-50.0309543
PA,GURUPÁ,-1.406325,-51.6427456
PA,ÓBIDOS,-1.901072,-55.520812
PA,BANNACH,-7.3508505,-50.4064531
PA,FLORESTA DO ARAGUAIA,-7.5597065,-49.7032829
PA,ITAITUBA,-4.2625218,-55.9878139
RR,MUCAJAÍ,2.4486084,-60.9199986
RR,IRACEMA,2.1664742,-61.0513048
MT,CAMPINÁPOLIS,-14.5403731,-52.7970626
PA,BREVES,-1.68036,-50.479085
TO,RECURSOLÂNDIA,-8.7368677,-47.2416349
AM,ITACOATIARA,-3.1477898,-58.4461041
MT,NOVA GUARITA,-10.3102031,-55.4042689
TO,ANANÁS,-6.3663053,-48.080238
TO,PEDRO AFONSO,-8.9757351,-48.1733282
PA,SANTA MARIA DAS BARREIRAS,-8.8710157,-49.7171263
TO,FIGUEIRÓPOLIS,-12.1347916,-49.1737141
MT,PEIXOTO DE AZEVEDO,-10.2429203,-54.9919857
AM,BOCA DO ACRE,-8.7553487,-67.3930873
TO,GUARAÍ,-8.835429,-48.511432
AM,NOVO AIRÃO,-2.6260236,-60.9434406
RR,CANTÁ,2.60994,-60.605827
RR,UIRAMUTÃ,4.5958269,-60.1624807
TO,CAMPOS LINDOS,-7.9740597,-46.8023881
GO,MINAÇU,-13.5336413,-48.2184889
TO,PARANÃ,-12.616747,-47.873378
GO,NIQUELÂNDIA,-14.4648655,-48.4572244
GO,GOIÁS,-15.9408902,-50.1465398
GO,ALTO PARAÍSO DE GOIÁS,-14.1304779,-47.5100161
GO,SÃO JOÃO D'ALIANÇA,-14.7043453,-47.5206865
GO,COLINAS DO SUL,-14.1555935,-48.0729958
GO,CAVALCANTE,-13.7928414,-47.4568521
MT,BARRA DO GARÇAS,-15.8916033,-52.2615413
GO,DOVERLÂNDIA,-16.7210996,-52.3138104
TO,ARRAIAS,-12.9287788,-46.9437231
GO,MARA ROSA,-14.0148159,-49.1776521
GO,CORUMBAÍBA,-18.1348982,-48.564223
MT,QUERÊNCIA,-12.5944625,-52.2088505
GO,NOVA ROMA,-13.7393323,-46.8831607
TO,ALMAS,-11.5681309,-47.1702803
GO,AMARALINA,-13.9236199,-49.2962411
GO,TERESINA DE GOIÁS,-13.7789573,-47.266894
GO,PLANALTINA,-15.4571536,-47.6089024
GO,FLORES DE GOIÁS,-14.4580291,-47.0395396
GO,PADRE BERNARDO,-15.1676411,-48.2840561
GO,MIMOSO DE GOIÁS,-15.0584959,-48.1616116
GO,BONÓPOLIS,-13.649331,-49.8329113
MT,PORTO DOS GAÚCHOS,-11.532999,-57.413233
MT,DIAMANTINO,-14.4036262,-56.4364488
GO,NOVO BRASIL,-16.0337152,-50.7112124
MT,NOBRES,-14.7196233,-56.3351314
GO,JUSSARA,-15.874813,-50.867431
GO,URUAÇU,-14.5244164,-49.1510022
GO,VILA PROPÍCIO,-15.4558431,-48.8855024
SP,SANTA ALBERTINA,-20.0323485,-50.7278392
GO,URUANA,-15.4998907,-49.6870172
GO,JARAGUÁ,-15.7528866,-49.3344033
GO,AVELINÓPOLIS,-16.4672409,-49.7578661
GO,CORUMBÁ DE GOIÁS,-15.9268355,-48.8074659
DF,BRASÍLIA,-15.7939869,-47.8828
MT,NOVA CANAÃ DO NORTE,-10.6367877,-55.709177
MG,NATALÂNDIA,-16.5042,-46.4933
GO,ITAGUARU,-15.7613695,-49.6337242
BA,CORIBE,-13.828471,-44.45727
SP,OUROESTE,-20.0013584,-50.3736414
MT,JUÍNA,-11.4230908,-58.7570212
GO,SANTA FÉ DE GOIÁS,-15.7705927,-51.1018204
MG,PLANURA,-20.1368583,-48.7066819
GO,SERRANÓPOLIS,-18.3084565,-51.9569462
TO,AURORA DO TOCANTINS,-12.71045,-46.407604
GO,CABECEIRAS,-15.7995459,-46.9264991
GO,ALEXÂNIA,-16.0834049,-48.5077803
GO,CACHOEIRA DE GOIÁS,-16.6688414,-50.6435997
PA,ANAJÁS,-0.9878802,-49.9390114
AC,PLÁCIDO DE CASTRO,-10.3239154,-67.1824196
MG,MARTINHO CAMPOS,-19.331945,-45.236666
MG,LEANDRO FERREIRA,-19.7169632,-45.0245003
MG,NOVA SERRANA,-19.875834,-44.984166
MG,SANTO ANTÔNIO DO MONTE,-20.086944,-45.290555
MG,BOM DESPACHO,-19.7375242,-45.2517288
MG,CONCEIÇÃO DO PARÁ,-19.752222,-44.896944
MG,PITANGUI,-19.682223,-44.890555
MG,LUZ,-19.7903123,-45.6818948
MG,SÃO GOTARDO,-19.3168844,-46.0476596
MG,DORES DO INDAIÁ,-19.4636451,-45.60166
MG,ESTRELA DO INDAIÁ,-19.5225,-45.7875
MG,PARÁ DE MINAS,-19.8668656,-44.5912664
PA,GOIANÉSIA DO PARÁ,-3.8380998,-49.0977992
MT,COMODORO,-13.6581107,-59.786883
PA,JURUTI,-2.1571381,-56.0900977
AM,BORBA,-4.3934778,-59.5947721
MT,PORTO ESPERIDIÃO,-15.8521665,-58.4693093
AM,COARI,-4.0885957,-63.1431166
MG,SERRO,-18.604444,-43.379445
MG,ALVORADA DE MINAS,-18.7318587,-43.3641479
MG,SABINÓPOLIS,-18.6656839,-43.0830439
MG,GUANHÃES,-18.7753627,-42.9340634
MG,SENHORA DO PORTO,-18.8905778,-43.0844887
MT,CÁCERES,-16.0644068,-57.6878972
MG,MATERLÂNDIA,-18.473889,-43.06
MT,TAPURAH,-12.742385,-56.512037
AM,URUCURITUBA,-3.1304332,-58.1549157
MT,TANGARÁ DA SERRA,-14.6213903,-57.4907268
PA,PARAUAPEBAS,-6.0696846,-49.8903283
AM,CODAJÁS,-3.8413202,-62.0603444
MT,NOVA UBIRATÃ,-13.03484,-55.2539048
RR,CAROEBE,0.8808696,-59.6963796
GO,JATAÍ,-17.8856178,-51.7202967
AM,MAUÉS,-3.3795798,-57.7196072
GO,GOIÂNIA,-16.680882,-49.2532691
MT,JUARA,-11.2535587,-57.5080072
GO,GOIANÉSIA,-15.3118269,-49.1162001
GO,LUZIÂNIA,-16.2535456,-47.9500276
GO,PIRENÓPOLIS,-15.8501619,-48.957317
MS,BONITO,-21.1264766,-56.4902208
GO,CALDAS NOVAS,-17.745,-48.625
GO,CRISTIANÓPOLIS,-17.2010889,-48.7060055
GO,ABADIÂNIA,-16.1940946,-48.7067767
GO,RUBIATABA,-15.1629793,-49.8005102
MS,ÁGUA CLARA,-20.4385757,-52.8797496
GO,MARZAGÃO,-17.980597,-48.6430322
MS,MARACAJU,-21.6163005,-55.164605
GO,CRIXÁS,-14.5424536,-49.9694813
GO,CATALÃO,-18.1702546,-47.9447082
MT,NOVO SÃO JOAQUIM,-14.9108231,-53.01775
MS,ARAL MOREIRA,-22.951141,-55.6268421
MG,UNAÍ,-16.3628767,-46.892413
MS,RIBAS DO RIO PARDO,-20.4477984,-53.7609001
PR,LARANJAL,-24.8909736,-52.4726747
MT,GUARANTÃ DO NORTE,-9.9517992,-54.9098178
SP,LUÍS ANTÔNIO,-21.545624150000002,-47.78137264632878
SP,SÃO CARLOS,-21.87880225,-47.85676193964187
PA,NOVO REPARTIMENTO,-4.2519172,-49.9524257
RS,AUGUSTO PESTANA,-28.5148413,-53.9906433
RS,SANTO ÂNGELO,-28.3000481,-54.2669971
RS,PIRAPÓ,-28.045428,-55.1987198
RS,JÓIA,-28.6465036,-54.1199165
RS,BOSSOROCA,-28.7278885,-54.9120278
RS,ESPUMOSO,-28.7256962,-52.8453751
SP,SARUTAIÁ,-23.2747217,-49.477186
SP,PIRAJU,-23.1938491,-49.3842588
SP,ITATINGA,-23.1042417,-48.6134874
SP,BURI,-23.79849,-48.598924
RS,SANTA CRUZ DO SUL,-29.714209,-52.4285807
RS,VERA CRUZ,-29.7157235,-52.5007403
SP,AVARÉ,-23.1045215,-48.9259103
MT,FELIZ NATAL,-12.3802463,-54.9389793
MG,UBÁ,-21.12,-42.942777
MT,UNIÃO DO SUL,-11.5308712,-54.3695643
RS,IJUÍ,-28.3878734,-53.9201692
MS,CORUMBÁ,-19.0016365,-57.6534316
PA,BAGRE,-1.8994498,-50.2103844
PA,TAILÂNDIA,-2.936096,-48.9523366
PA,ACARÁ,-1.961388,-48.1987043
PA,MONTE ALEGRE,-1.9989108,-54.0727694
GO,SÃO MIGUEL DO ARAGUAIA,-13.2726442,-50.1627219
GO,CUMARI,-18.2644369,-48.1511341
SP,BADY BASSITT,-20.9178969,-49.4517911
GO,SÃO LUÍS DE MONTES BELOS,-16.5210639,-50.3726281
GO,SENADOR CANEDO,-16.7013233,-49.0914921
AM,ITAPIRANGA,-2.7461205,-58.025377
SP,RIBEIRÃO PRETO,-21.1776315,-47.8100983
MG,CARATINGA,-19.7900887,-42.140533
MG,LADAINHA,-17.627754,-41.738196
MG,MALACACHETA,-17.8428204,-42.0786194
MG,FREI GASPAR,-18.0633426,-41.4300673
MG,ITAMBACURI,-18.0391974,-41.6751876
MG,PIEDADE DE CARATINGA,-19.7601211,-42.0767321
MG,IMBÉ DE MINAS,-19.5989453,-41.9694294
MG,UBAPORANGA,-19.6344637,-42.1073048
MG,ENTRE FOLHAS,-19.6258823,-42.2328975
MG,IPANEMA,-19.7999954,-41.7138807
MG,INHAPIM,-19.5501834,-42.1209879
MG,NOVO CRUZEIRO,-17.4674406,-41.8767107
MG,POTÉ,-17.8074949,-41.7892455
MG,ÁGUA BOA,-17.9956411,-42.3899261
MG,ITANHOMI,-19.171111,-41.864167
MG,SANTA RITA DO ITUETO,-19.3576722,-41.3801488
MG,SÃO SEBASTIÃO DO MARANHÃO,-18.0859051,-42.5694478
SP,SANTA LÚCIA,-21.6861811,-48.0836814
MG,TEÓFILO OTONI,-17.8579267,-41.5081533
MG,PAULISTAS,-18.4268235,-42.8689535
MG,DELFINÓPOLIS,-20.344749,-46.8546425
MG,LAJINHA,-20.1520595,-41.6240623
ES,IBATIBA,-20.2342792,-41.5082981
ES,ITARANA,-19.8748185,-40.8762716
MG,BOM JESUS DO GALHO,-19.8283191,-42.3162256
MG,JOSÉ RAYDAN,-18.2220672,-42.4991123
MG,ITUETA,-19.3962456,-41.2263075
SP,SANTA CRUZ DO RIO PARDO,-22.9060715,-49.6277378
MG,SANTA BÁRBARA DO LESTE,-19.978334,-42.140555
MG,SETUBINHA,-17.6001378,-42.1620269
MG,SANTA MARIA DO SUAÇUÍ,-18.1894783,-42.4188445
MG,VARGEM BONITA,-20.3282116,-46.3668419
ES,PANCAS,-19.2239225,-40.8502555
TO,XAMBIOÁ,-6.4084693,-48.5336069
MG,CAPITÓLIO,-20.6114193,-46.13265426745741
ES,AFONSO CLÁUDIO,-20.0744817,-41.1251335
ES,SÃO ROQUE DO CANAÃ,-19.7385942,-40.6598575
MG,SIMONÉSIA,-20.1233838,-42.0024294
MG,MANHUAÇU,-20.2574434,-42.0340769
SP,AMÉRICO BRASILIENSE,-21.7297099,-48.1052092
ES,MUNIZ FREIRE,-20.4636068,-41.4137007
ES,LARANJA DA TERRA,-19.9000548,-41.0567612
ES,COLATINA,-19.5346732,-40.6287836
RJ,CASIMIRO DE ABREU,-22.47561545,-42.152223464508396
PA,ALENQUER,-1.946229,-54.738355
ES,IRUPI,-20.346479,-41.6392581
MG,SANTANA DO MANHUAÇU,-20.1075,-41.925556
MG,SÃO JOSÉ DO JACURI,-18.2773091,-42.6714372
ES,SERRA,-20.1252961,-40.3064477
ES,VITÓRIA,-20.3200917,-40.3376682
ES,SANTA LEOPOLDINA,-20.0987046,-40.5269434
MG,COLUNA,-18.2327272,-42.8402912
MG,SÃO JOSÉ DO MANTIMENTO,-20.003958,-41.7458061
MG,CONCEIÇÃO DE IPANEMA,-19.9290384,-41.6905072
MG,MINAS NOVAS,-17.2174817,-42.5948698
MG,ALVARENGA,-19.4175,-41.728334
MG,IPATINGA,-19.4777807,-42.5270802
MG,JANUÁRIA,-15.4875,-44.361111
MG,POCRANE,-19.6201477,-41.6365906
ES,BAIXO GUANDU,-19.5138322,-41.0182089
SP,MONTE ALEGRE DO SUL,-22.681861,-46.6798783
ES,SÃO MATEUS,-18.7146049,-39.8539499
ES,DOMINGOS MARTINS,-20.3646483,-40.6585797
ES,SANTA MARIA DE JETIBÁ,-20.025296,-40.743931
MG,AIMORÉS,-19.4917754,-41.0615603
ES,CARIACICA,-20.263202,-40.416549
ES,CASTELO,-20.6022098,-41.2032124
RJ,MACAÉ,-22.28283055,-41.96490906592897
MG,RAUL SOARES,-20.102222,-42.451944
SP,CAMPINAS,-22.9056391,-47.059564
ES,BREJETUBA,-20.1465817,-41.2902303
ES,VIANA,-20.3914471,-40.4966587
ES,MARECHAL FLORIANO,-20.4124966,-40.6749858
MG,CANAÃ,-20.685555,-42.62
MG,CHALÉ,-20.0419425,-41.6909618
RJ,MARICÁ,-22.9196772,-42.8184375
MG,MUTUM,-19.817223,-41.438333
SP,TUIUTI,-22.819324,-46.6937627
RJ,SILVA JARDIM,-22.6509706,-42.3947353
RJ,SANTA MARIA MADALENA,-21.9518563,-41.900024844029616
SP,ÁGUAS DA PRATA,-21.9464285,-46.7192121
ES,SANTA TERESA,-19.936339,-40.597945
MG,MANHUMIRIM,-20.3599141,-41.9554606
MG,CARAÍ,-17.1884104,-41.6976554
MG,DURANDÉ,-20.2026282,-41.798777
ES,CONCEIÇÃO DO CASTELO,-20.3601311,-41.2470343
MG,REDUTO,-20.2442531,-41.9839974
ES,ITAGUAÇU,-19.8032523,-40.8564458
ES,MUQUI,-20.9509368,-41.3444285
GO,AMORINÓPOLIS,-16.6211308,-51.0949921
MG,SANTA RITA DE MINAS,-19.8745404,-42.1325122
MG,FELÍCIO DOS SANTOS,-18.0765035,-43.2471128
MG,ESMERALDAS,-19.7613111,-44.3145945
MG,MARTINS SOARES,-20.2574182,-41.8771753
SP,BATATAIS,-20.892867,-47.592149
MG,PADRE PARAÍSO,-17.0750322,-41.4850334
MG,PEDRA AZUL?,-16.0058567,-41.2793731
MG,PEÇANHA,-18.5479498,-42.5590434
MG,SÃO JOÃO EVANGELISTA,-18.548023,-42.7652888
MG,NANUQUE,-17.8393915,-40.3494631
MG,OURO VERDE DE MINAS,-18.0695301,-41.272395
MG,FRANCISCÓPOLIS,-17.9591636,-42.0088582
MG,VARGEM GRANDE DO RIO PARDO,-15.4027415,-42.311441
MG,MATIPÓ,-20.2896695,-42.3426599
ES,IBITIRAMA,-20.5394377,-41.6644451
ES,LINHARES,-19.3800908,-40.060306
ES,MARILÂNDIA,-19.4117824,-40.5442916
ES,ARACRUZ,-19.8245218,-40.2735025
MG,CONSELHEIRO PENA,-19.1720883,-41.471995
MG,CAPELINHA,-17.693889,-42.518611
MG,CARANGOLA,-20.733638,-42.0299412
MG,FORTUNA DE MINAS,-19.561662,-44.4451854
ES,VARGEM ALTA,-20.6733324,-41.0107231
MG,DIVINO,-20.6151497,-42.1474733
ES,CACHOEIRO DE ITAPEMIRIM,-20.848084,-41.11129
MG,JEQUITINHONHA,-16.4335098,-41.0035557
ES,VENDA NOVA DO IMIGRANTE,-20.3325787,-41.1295842
ES,CONCEIÇÃO DA BARRA,-18.5841421,-39.7371844
ES,ALFREDO CHAVES,-20.6356507,-40.7484424
SP,MOCOCA,-21.464731,-47.002405
ES,ALTO RIO NOVO,-19.0577208,-41.0171518
MG,SÃO ROQUE DE MINAS,-20.245277,-46.365833
MG,,-18.8941408,-48.2622678
RJ,SÃO FIDÉLIS,-21.6467054,-41.7463412
MG,JUIZ DE FORA,-21.7609533,-43.3501129
ES,GUARAPARI,-20.6718755,-40.4984617
MG,ARAÇUAÍ,-16.8484451,-42.0661868
RJ,PORCIÚNCULA,-20.9632862,-42.0400358
MG,ITAIPÉ,-17.401944,-41.670278
SP,AMPARO,-22.70111,-46.76444
ES,ANCHIETA,-20.8057672,-40.6454564
MG,CORONEL FABRICIANO,-19.5200067,-42.6282686
MG,CAPUTIRA,-20.171945,-42.270278
MG,FERVEDOURO,-20.7295764,-42.2792737
RJ,VALENÇA,-22.2461028,-43.6996917
AM,AUTAZES,-3.5833283,-59.1301518
RJ,BOM JESUS DO ITABAPOANA,-21.1351354,-41.6798294
RJ,CACHOEIRAS DE MACACU,-22.4626861,-42.6534414
SP,SÃO JOÃO DA BOA VISTA,-21.9687099,-46.7969216
SP,ITATIBA,-23.0055542,-46.8397726
RJ,GUAPIMIRIM,-22.5266308,-42.9790687
SP,JUNDIAÍ,-23.1887668,-46.884506
SP,SOCORRO,-22.5902619,-46.5249112
SP,MAIRIPORÃ,-23.3190348,-46.5876377
MG,BRUMADINHO,-20.143611,-44.2
SP,CAIEIRAS,-23.3644621,-46.7484765
SP,ATIBAIA,-23.1177393,-46.5547861
SP,NAZARÉ PAULISTA,-23.1819309,-46.3992986
MG,NOVA LIMA,-19.9854089,-43.8470691
MG,CARMO DA MATA,-20.558334,-44.8703774
MG,MARIANA,-20.3781468,-43.4174862
MG,BARRA LONGA,-20.2833541,-43.0423516
MG,MAR DE ESPANHA,-21.866945,-43.01
SP,ITAPECERICA DA SERRA,-23.7176303,-46.8492435
SP,JARINU,-23.0949649,-46.7148565
MG,GOIANÁ,-21.5375,-43.2014
MG,ITABIRITO,-20.2519724,-43.8029171
RJ,TERESÓPOLIS,-22.4164578,-42.975194
MG,RIO ACIMA,-20.0875,-43.789166
MG,PORTO FIRME,-20.672778,-43.084444
MG,CAETÉ,-19.897777,-43.670278
MG,SÃO GONÇALO DO RIO ABAIXO,-19.8252042,-43.362126
MG,SABARÁ,-19.8900372,-43.8107916
MG,VIÇOSA,-20.7538586,-42.8815888
MG,SANTA LUZIA,-19.7702097,-43.8505291
MG,PIRANGA,-20.685,-43.3
MG,SANTA BÁRBARA,-19.959444,-43.415278
MG,BARÃO DE COCAIS,-19.9452437,-43.4870298
SP,SÃO PAULO,-23.5506507,-46.6333824
SP,PIRACAIA,-23.052545,-46.359374
SP,BRAGANÇA PAULISTA,-22.9520235,-46.5418586
SP,FRANCISCO MORATO,-23.2817308,-46.7448996
SP,FRANCO DA ROCHA,-23.3328038,-46.724446
SP,PIEDADE,-23.7074096,-47.4252319
RJ,MIGUEL PEREIRA,-22.4539417,-43.4691978
RJ,PETRÓPOLIS,-22.5075743,-43.1785356
RJ,NOVA FRIBURGO,-22.30616605,-42.4934183305119
MG,RIO PIRACICABA,-19.528645313656696,-42.60701679758731
SP,INDAIATUBA,-23.0908356,-47.2180677
MG,PONTE NOVA,-20.4164353,-42.90878
MG,MATEUS LEME,-19.986666,-44.428056
MG,RAPOSOS,-19.967223,-43.804167
MG,SANTO ANTÔNIO DO AVENTUREIRO,-21.7579052,-42.815566
MG,GUARACIABA,-20.5718037,-43.0057078
RJ,DUAS BARRAS,-22.0522519,-42.5194705
RJ,RIO DAS FLORES,-22.1683478,-43.5858689
RJ,VASSOURAS,-22.4093928,-43.6609318
MG,SIMÃO PEREIRA,-21.963611,-43.311667
RJ,CANTAGALO,-21.9815,-42.3645
RJ,SUMIDOURO,-22.0455,-42.6735
SP,ESPÍRITO SANTO DO PINHAL,-22.1929522,-46.7470021
SP,ARUJÁ,-23.396266,-46.3175449
MG,MACHADO,-21.6762861,-45.9211696
SP,COTIA,-23.603889,-46.918889
SP,GUARULHOS,-23.4675941,-46.5277704
SP,SÃO ROQUE,-23.5304843,-47.1355473
SP,SANTA ISABEL,-23.3194222,-46.2271903
SP,CAMPO LIMPO PAULISTA,-23.207791,-46.788919
SP,IGARATÁ,-23.2063475,-46.156934
MG,PASSA TEMPO,-20.650556,-44.495833
MG,MARIPÁ DE MINAS,-21.6975,-42.959167
MG,JECEABA,-20.5353816,-43.983346
MG,OURO PRETO,-20.385527,-43.5035214
MG,ITAÚNA,-20.075556,-44.576389
MG,PRESIDENTE BERNARDES,-20.7685467,-43.1877237
MG,SÃO THOMÉ DAS LETRAS,-21.7218272,-44.9849435
MG,ALVINÓPOLIS,-20.1105199,-43.0601805
MG,ERVÁLIA,-20.8377232,-42.6559789
MG,BICAS,-21.7213723,-43.0604327
MG,CONCEIÇÃO DOS OUROS,-22.4124143,-45.797067
MG,RIO PRETO,-22.089444,-43.8275
MG,BARBACENA,-21.2254524,-43.7735087
MG,ITAGUARA,-20.391389,-44.488055
MG,SENHORA DE OLIVEIRA,-20.793889,-43.344166
MG,AGUANIL,-20.9424533,-45.3927152
MG,RIO POMBA,-21.275,-43.178889
MG,ACAIACA,-20.3621646,-43.1444162
MG,RIO NOVO,-21.4753189,-43.1250813
MG,SÃO SEBASTIÃO DA BELA VISTA,-22.159167,-45.754167
MG,TEIXEIRAS,-20.6517875,-42.8563275
MG,ITAVERAVA,-20.677,-43.619875
MG,CARMÓPOLIS DE MINAS,-20.541224,-44.6350611
SP,PIRACICABA,-22.725165,-47.6493269
SP,VÁRZEA PAULISTA,-23.2113889,-46.8283333
SP,IBIÚNA,-23.6544825,-47.220856
RJ,PARAÍBA DO SUL,-22.1636384,-43.2916915
RJ,CARMO,-21.9338,-42.6084
MG,RIO MANSO,-20.265079,-44.3090284
MG,NATÉRCIA,-22.12,-45.511389
MG,CONTAGEM,-19.9132749,-44.0840953
MG,MOEDA,-20.333056,-44.0525
RJ,NITERÓI,-22.8884,-43.1147
RJ,ANGRA DOS REIS,-23.155540549999998,-44.23448088153183
RJ,PATY DO ALFERES,-22.4272703,-43.4219523
RJ,SÃO GONÇALO,-22.821635,-42.99567968770695
RJ,RIO CLARO,-22.7229997,-44.1359986
RJ,ENGENHEIRO PAULO DE FRONTIN,-22.5504556,-43.6783403
MG,MATIAS BARBOSA,-21.8691643,-43.3180624
MG,CATAS ALTAS,-20.0748989,-43.4078304
MG,DIOGO DE VASCONCELOS,-20.4868723,-43.1984645
MG,BELO VALE,-20.407778,-44.024167
MG,SÃO GONÇALO DO SAPUCAÍ,-21.8905238,-45.5935943
MG,ITABIRA,-19.6190169,-43.226248
MG,SANTA RITA DE JACUTINGA,-22.149166,-44.094444
MG,PIAU,-21.5074738,-43.320587
MG,OURO BRANCO,-20.5222413,-43.6917283
MG,PARAISÓPOLIS,-22.5541683,-45.7800024
MG,SÃO DOMINGOS DO PRATA,-19.8671078,-42.9658318
MG,PEDRA DO ANTA,-20.5962822,-42.7179792
MG,CONSELHEIRO LAFAIETE,-20.6596107,-43.785743
MG,AMPARO DO SERRA,-20.5070255,-42.8028462
MG,MERCÊS,-21.1947265,-43.3407272
MG,PEDRO LEOPOLDO,-19.617778,-44.043055
MG,PAULA CÂNDIDO,-20.8737735,-42.9862733
MG,PEQUERI,-21.8369971,-43.1207799
MG,SANTANA DO DESERTO,-21.95,-43.166667
MG,RIO ESPERA,-20.8571756,-43.4729342
MG,GUARANI,-21.35876,-43.0481021
MG,LIMA DUARTE,-21.842777,-43.792777
MG,JOÃO MONLEVADE,-19.809444,-43.173334
MG,NOVA UNIÃO,-19.6901893,-43.580107
MG,SANTOS DUMONT,-21.455867,-43.5522107
MG,COQUEIRAL,-21.1898365,-45.4409829
MG,CIPOTÂNEA,-20.905278,-43.365556
SP,VALINHOS,-22.97056,-46.99583
MG,CARANDAÍ,-20.9523934,-43.8043903
RJ,VOLTA REDONDA,-22.521856,-44.1040128
MG,LAGOA DOURADA,-20.914444,-44.077778
MG,CARANAÍBA,-20.8736914,-43.7379458
MG,SANTANA DOS MONTES,-20.7875735,-43.6910376
MG,SÃO MIGUEL DO ANTA,-20.7065375,-42.7195395
MG,BELO HORIZONTE,-19.9227318,-43.9450948
MG,CONGONHAS,-20.5015168,-43.8564586
MG,CONSOLAÇÃO,-22.551389,-45.921111
RJ,PIRAÍ,-22.65508115,-43.91930614037898
RJ,TRAJANO DE MORAES,-22.0637596,-42.0648701
RJ,NOVA IGUAÇU,-22.7592175,-43.4508728
SP,ITANHAÉM,-24.1833421,-46.7896229
SP,EMBU DAS ARTES,-23.6495294,-46.8528497
SP,SÃO BERNARDO DO CAMPO,-23.7080345,-46.5506747
MG,SENADOR FIRMINO,-20.9169703,-43.1001236
SP,SANTO ANDRÉ,-23.6533509,-46.5279039
SP,AGUAÍ,-22.0592036,-46.979384
SP,BOM JESUS DOS PERDÕES,-23.1353864,-46.4648052
SP,ITARIRI,-24.2900711,-47.176151
SP,EMBU-GUAÇU,-23.8317997,-46.8156204
SP,PORTO FELIZ,-23.2110713,-47.5247163
MG,PAIVA,-21.289441,-43.4175347
MG,BRAZÓPOLIS,-22.4742842,-45.6165577
MG,ANTÔNIO CARLOS,-21.318334,-43.746666
MG,SANTA BÁRBARA DO MONTE VERDE,-21.9578146,-43.7024953
MG,FERROS,-19.234984,-43.019542
MG,DIVINÓPOLIS,-20.1597921,-44.8739341
MG,VESPASIANO,-19.6940958,-43.9186521
MG,BOM JESUS DO AMPARO,-19.7045132,-43.4752911
MG,CARMO DA CACHOEIRA,-21.460556,-45.223334
MG,BARROSO,-21.187137,-43.9771259
MG,LAMBARI,-21.9754009,-45.3505415
MG,SANTA RITA DO SAPUCAÍ,-22.2486968,-45.7064507
MG,BOM JARDIM DE MINAS,-21.9476508,-44.1905987
SP,JUQUIÁ,-24.3172209,-47.6355618
SP,SÃO MIGUEL ARCANJO,-23.8807771,-47.9963492
SP,NATIVIDADE DA SERRA,-23.3783786,-45.4438173
SP,MIRACATU,-24.2839078,-47.4535128
SP,MORUNGABA,-22.88,-46.79167
SP,SALTO DE PIRAPORA,-23.6492502,-47.5729465
SP,SÃO JOSÉ DOS CAMPOS,-23.1867782,-45.8854538
SP,POÁ,-23.5249082,-46.3445663
SP,SÃO BENTO DO SAPUCAÍ,-22.6884605,-45.7329767
SP,SÃO CAETANO DO SUL,-23.6195923,-46.5688323
MG,CAREAÇU,-22.0434124,-45.6995247
SP,SÃO LOURENÇO DA SERRA,-23.8535923,-46.9440587
MG,HELIODORA,-22.0675,-45.542222
MG,ALTO RIO DOCE,-21.0239537,-43.4133507
RJ,BOM JARDIM,-22.1515328,-42.4186683
RJ,SAPUCAIA,-22.0196881,-42.840826973036926
RJ,SÃO JOSÉ DO VALE DO RIO PRETO,-22.1509994,-42.9239986
SP,JUQUITIBA,-23.932346,-47.0714217
MG,SAPUCAÍ-MIRIM,-22.7480012,-45.7427651
RJ,BARRA DO PIRAÍ,-22.42426915,-43.893524444097466
MG,CAMBUQUIRA,-21.853056,-45.2953619
MG,RESSAQUINHA,-21.063056,-43.762778
SP,TAPIRAÍ,-23.9638345,-47.5067136
SP,MONTEIRO LOBATO,-22.9553542,-45.8387146
RJ,PARATY,-23.2196461,-44.7154196
MG,PASSA-VINTE,-22.209722,-44.2344386
RJ,PINHEIRAL,-22.5129436,-44.001435
SP,ITUPEVA,-23.1531055,-47.0580347
MG,CAMBUÍ,-22.6122501,-46.0572137
SP,PERUÍBE,-24.3218105,-46.9977452
SP,JOANÓPOLIS,-22.930004,-46.275208
MG,BAEPENDI,-21.9575733,-44.8891463
SP,CAÇAPAVA,-23.099204,-45.707645
SP,PEDRO DE TOLEDO,-24.2769071,-47.23393
SP,MOGI MIRIM,-22.433123,-46.958246
SP,IGUAPE,-24.7042692,-47.5563733
SP,UBATUBA,-23.433162,-45.083415
RJ,ITATIAIA,-22.4955278,-44.5633108
MG,MURIAÉ,-21.1313485,-42.3628918
MG,JACUTINGA,-22.285833,-46.612222
SP,SILVEIRAS,-22.66384,-44.852157
RJ,ITABORAÍ,-22.7558128,-42.88295606921409
SP,GUARUJÁ,-23.9927768,-46.2558332
RJ,MANGARATIBA,-22.9600193,-44.04111
RJ,TRÊS RIOS,-22.1167884,-43.2087226
SP,ITAPIRA,-22.436111,-46.821667
RJ,ITALVA,-21.4221815,-41.6912044
RJ,RESENDE,-22.4683626,-44.4463494
SP,SÃO SEBASTIÃO,-23.8027866,-45.4070527
MG,PIRANGUÇU,-22.5280226,-45.4961066
SP,LONDRINA,-23.6916604,-46.5861666
RJ,RIO BONITO,-22.7108378,-42.6271864
SP,TAUBATÉ,-23.031448,-45.5612792
SP,NATAL,-23.7542417,-46.7091852
SP,CACHOEIRA PAULISTA,-22.6605578,-45.0081689
SP,TAMBAÚ,-21.70292,-47.270344
SP,SANTA RITA DO PASSA QUATRO,-21.7103738,-47.4777943
SP,TREMEMBÉ,-22.95714,-45.547526
SP,SÃO VICENTE,-23.9664177,-46.3861401
SP,CARAGUATATUBA,-23.62028,-45.41306
SP,ELDORADO,-24.522583,-48.1093489
SP,IPORANGA,-24.5843214,-48.594028
SP,JACUPIRANGA,-24.6945594,-48.0024027
SP,,-21.993173,-47.33334349927934
SP,CANANÉIA,-25.0104609,-47.9315628
SP,SERRA NEGRA,-22.6126459,-46.699986
PR,GUARAQUEÇABA,-25.2983566,-48.3290185
PR,ADRIANÓPOLIS,-24.6557863,-48.9912769
SP,CAJATI,-24.7272376,-48.1077914
SP,PARIQUERA-AÇU,-24.7146891,-47.8802361
SP,SETE BARRAS,-24.3878438,-47.9265798
SP,REGISTRO,-24.497942,-47.844895
SP,BARRA DO TURVO,-24.756421,-48.5056942
PR,PARANAGUÁ,-25.5148822,-48.5226695
PR,ANTONINA,-25.4298854,-48.7125431
PR,SÃO JOSÉ DOS PINHAIS,-25.533816,-49.2072163
PR,MORRETES,-25.4768503,-48.8322501
PR,GUARATUBA,-25.8806192,-48.5750905
SP,RIBEIRA,-24.6577435,-49.0086372
SC,JOINVILLE,-26.3044898,-48.8486726
SP,APIAÍ,-24.5076527,-48.8461582
SP,RIBEIRÃO BRANCO,-24.2211495,-48.7678322
PR,QUATRO BARRAS,-25.3708987,-49.0745672
AM,HUMAITÁ,-7.5099404,-63.0248674
SP,ITAÓCA,-24.6409691,-48.8410159
PA,ANAPU,-3.4668292,-51.2057035
SC,ITAIÓPOLIS,-26.3391899,-49.9071983
PA,SANTARÉM,-2.438489,-54.699611
SC,SÃO BENTO DO SUL,-26.2483669,-49.3820672
SC,JARAGUÁ DO SUL,-26.4897432,-49.0778063
SC,BLUMENAU,-26.9195567,-49.0658025
SC,POMERODE,-26.72609595,-49.17335272389504
SC,INDAIAL,-26.8901747,-49.2416736
AC,ACRELÂNDIA,-10.0759167,-67.0526898
SC,CAMBORIÚ,-27.0273601,-48.6535657
SC,PAULO LOPES,-27.964968,-48.6830299
SC,SÃO BONIFÁCIO,-27.900907,-48.932608
SC,ÁGUAS MORNAS,-27.696316,-48.8247831
SC,ANITÁPOLIS,-27.9041185,-49.1287395
SC,URUSSANGA,-28.5191381,-49.3201776
SC,TAIÓ,-27.1167574,-50.0002159
PA,OEIRAS DO PARÁ,-2.0040813,-49.8596065
TO,SÃO SALVADOR DO TOCANTINS,-12.7503331,-48.2352148
TO,GURUPI,-11.72794,-49.068046
SP,VARGEM GRANDE DO SUL,-21.8310636,-46.893303
SP,SÃO SEBASTIÃO DA GRAMA,-21.7118854,-46.8284162
AM,MARAÃ,-1.8535579,-65.5897749
RR,RORAINÓPOLIS,0.9387308,-60.4236464
MG,MONTE SIÃO,-22.432778,-46.572778
PA,NOVO BRASIL,-6.09044,-49.8680862
MG,CAMANDUCAIA,-22.755278,-46.144444
