MUN_LPI;latitude;longitude
ALTO ALEGRE;2.9900927;-61.3089649
AMARANTE DO MARANHÃO;-5.56913;-46.747284
CONCEIÇÃO DO ARAGUAIA;-8.2696905;-49.2676864
RIO PRETO DA EVA;-2.6990647;-59.7012494
TAPAUÁ;-5.6232283;-63.1879157
MANAQUIRI;-3.4305885;-60.4593078
MANACAPURU;-3.2996768;-60.6213528
SANTA ISABEL DO RIO NEGRO;-0.4160389;-65.0153096
CAREIRO;-3.8185277;-60.3616505
ANORI;-3.7435254;-61.6605203
IRANDUBA;-3.2758203;-60.1867429
PONTA PORÃ;-22.5286917;-55.723426
PORTO VELHO;-8.7494525;-63.8735438
ALMEIRIM;-1.5290377;-52.5788111
AFUÁ;-0.1573523;-50.3908023
PRESIDENTE FIGUEIREDO;-2.0486359;-60.0236658
MARCELÂNDIA;-11.0794264;-54.5202451
REDENÇÃO;-8.0299327;-50.0309543
ÓBIDOS;-1.901072;-55.520812
BANNACH;-7.3508505;-50.4064531
FLORESTA DO ARAGUAIA;-7.5597065;-49.7032829
ITAITUBA;-4.2625218;-55.9878139
MUCAJAÍ;2.4486084;-60.9199986
IRACEMA;2.1664742;-61.0513048
CAMPINÁPOLIS;-14.5403731;-52.7970626
RECURSOLÂNDIA;-8.7368677;-47.2416349
BREVES;-1.68036;-50.479085
ITACOATIARA;-3.1477898;-58.4461041
ANANÁS;-6.3663053;-48.080238
NOVA GUARITA;-10.3102031;-55.4042689
SANTA MARIA DAS BARREIRAS;-8.8710157;-49.7171263
FIGUEIRÓPOLIS;-12.1347916;-49.1737141
PEIXOTO DE AZEVEDO;-10.2429203;-54.9919857
GUARAÍ;-8.835429;-48.511432
NOVO AIRÃO;-2.6260236;-60.9434406
UIRAMUTÃ;4.5958269;-60.1624807
MINAÇU;-13.5336413;-48.2184889
CAMPOS LINDOS;-7.9740597;-46.8023881
ALTO PARAÍSO DE GOIÁS;-14.1304779;-47.5100161
GOIÁS;-15.9408902;-50.1465398
DOVERLÂNDIA;-16.7210996;-52.3138104
CORUMBAÍBA;-18.1348982;-48.564223
NIQUELÂNDIA;-14.4648655;-48.4572244
ALMAS;-11.5681309;-47.1702803
NOVA ROMA;-13.7393323;-46.8831607
AMARALINA;-13.9236199;-49.2962411
MIMOSO DE GOIÁS;-15.0584959;-48.1616116
PLANALTINA;-15.4571536;-47.6089024
SÃO JOÃO D'ALIANÇA;-14.7043453;-47.5206865
DIAMANTINO;-14.4036262;-56.4364488
NOBRES;-14.7196233;-56.3351314
BONÓPOLIS;-13.649331;-49.8329113
JUSSARA;-15.874813;-50.867431
URUAÇU;-14.5244164;-49.1510022
VILA PROPÍCIO;-15.4558431;-48.8855024
URUANA;-15.4998907;-49.6870172
ARRAIAS;-12.9287788;-46.9437231
AVELINÓPOLIS;-16.4672409;-49.7578661
SANTA ALBERTINA;-20.0323485;-50.7278392
PADRE BERNARDO;-15.1676411;-48.2840561
BRASÍLIA;-15.7939869;-47.8828
NOVA CANAÃ DO NORTE;-10.6367877;-55.709177
OUROESTE;-20.0013584;-50.3736414
NATALÂNDIA;-16.5042;-46.4933
CORIBE;-13.828471;-44.45727
PLANURA;-20.1368583;-48.7066819
SANTA FÉ DE GOIÁS;-15.7705927;-51.1018204
AURORA DO TOCANTINS;-12.71045;-46.407604
ANAJÁS;-0.9878802;-49.9390114
MARTINHO CAMPOS;-19.331945;-45.236666
LEANDRO FERREIRA;-19.7169632;-45.0245003
SANTO ANTÔNIO DO MONTE;-20.086944;-45.290555
BOM DESPACHO;-19.7375242;-45.2517288
PITANGUI;-19.682223;-44.890555
ESTRELA DO INDAIÁ;-19.5225;-45.7875
DORES DO INDAIÁ;-19.4636451;-45.60166
JURUTI;-2.1571381;-56.0900977
BORBA;-4.3934778;-59.5947721
CANTÁ;2.60994;-60.605827
PORTO ESPERIDIÃO;-15.8521665;-58.4693093
BARCELOS;-0.9729214;-62.925635
SERRO;-18.604444;-43.379445
SABINÓPOLIS;-18.6656839;-43.0830439
ALVORADA DE MINAS;-18.7318587;-43.3641479
GUANHÃES;-18.7753627;-42.9340634
SENHORA DO PORTO;-18.8905778;-43.0844887
CÁCERES;-16.0644068;-57.6878972
PARAUAPEBAS;-6.0696846;-49.8903283
COARI;-4.0885957;-63.1431166
CODAJÁS;-3.8413202;-62.0603444
NOVA UBIRATÃ;-13.03484;-55.2539048
CAROEBE;0.8808696;-59.6963796
JATAÍ;-17.8856178;-51.7202967
MAUÉS;-3.3795798;-57.7196072
JUARA;-11.2535587;-57.5080072
GOIÂNIA;-16.680882;-49.2532691
PIRENÓPOLIS;-15.8501619;-48.957317
CALDAS NOVAS;-17.745;-48.625
GOIANÉSIA;-15.3118269;-49.1162001
RUBIATABA;-15.1629793;-49.8005102
CRISTIANÓPOLIS;-17.2010889;-48.7060055
LUZIÂNIA;-16.2535456;-47.9500276
ABADIÂNIA;-16.1940946;-48.7067767
MARACAJU;-21.6163005;-55.164605
CRIXÁS;-14.5424536;-49.9694813
NOVO SÃO JOAQUIM;-14.9108231;-53.01775
ARAL MOREIRA;-22.951141;-55.6268421
LARANJAL;-24.8909736;-52.4726747
LUÍS ANTÔNIO;-21.5456242;-47.7813726
GUARANTÃ DO NORTE;-9.9517992;-54.9098178
SÃO CARLOS;-21.8788022;-47.8567619
NOVO REPARTIMENTO;-4.2519172;-49.9524257
AUGUSTO PESTANA;-28.5148413;-53.9906433
SANTO ÂNGELO;-28.3000481;-54.2669971
PIRAPÓ;-28.045428;-55.1987198
JÓIA;-28.6465036;-54.1199165
IJUÍ;-28.3878734;-53.9201692
SARUTAIÁ;-23.2747217;-49.477186
BURI;-23.79849;-48.598924
ITATINGA;-23.1042417;-48.6134874
VERA CRUZ;-29.7157235;-52.5007403
PIRAJU;-23.1938491;-49.3842588
UNIÃO DO SUL;-11.5308712;-54.3695643
CORUMBÁ;-19.0016365;-57.6534316
TAILÂNDIA;-2.936096;-48.9523366
BONITO;-21.1264766;-56.4902208
SÃO MIGUEL DO ARAGUAIA;-13.2726442;-50.1627219
CUMARI;-18.2644369;-48.1511341
SENADOR CANEDO;-16.7013233;-49.0914921
SÃO LUÍS DE MONTES BELOS;-16.5210639;-50.3726281
BADY BASSITT;-20.9178969;-49.4517911
ITAPIRANGA;-2.7461205;-58.025377
PIEDADE DE CARATINGA;-19.7601211;-42.0767321
RIBEIRÃO PRETO;-21.1776315;-47.8100983
DELFINÓPOLIS;-20.344749;-46.8546425
POTÉ;-17.8074949;-41.7892455
TEÓFILO OTONI;-17.8579267;-41.5081533
UBAPORANGA;-19.6344637;-42.1073048
CARATINGA;-19.7900887;-42.140533
NOVO CRUZEIRO;-17.4674406;-41.8767107
SÃO SEBASTIÃO DO MARANHÃO;-18.0859051;-42.5694478
ITAMBACURI;-18.0391974;-41.6751876
PAULISTAS;-18.4268235;-42.8689535
IPANEMA;-19.7999954;-41.7138807
SANTA LÚCIA;-21.6861811;-48.0836814
MALACACHETA;-17.8428204;-42.0786194
LADAINHA;-17.627754;-41.738196
SETUBINHA;-17.6001378;-42.1620269
IMBÉ DE MINAS;-19.5989453;-41.9694294
BATATAIS;-20.892867;-47.592149
INHAPIM;-19.5501834;-42.1209879
XAMBIOÁ;-6.4084693;-48.5336069
FREI GASPAR;-18.0633426;-41.4300673
ARAÇUAÍ;-16.8484451;-42.0661868
CONCEIÇÃO DE IPANEMA;-19.9290384;-41.6905072
JANUÁRIA;-15.4875;-44.361111
JOSÉ RAYDAN;-18.2220672;-42.4991123
SANTA RITA DO ITUETO;-19.3576722;-41.3801488
IBATIBA;-20.2342792;-41.5082981
SIMONÉSIA;-20.1233838;-42.0024294
COLATINA;-19.5346732;-40.6287836
PANCAS;-19.2239225;-40.8502555
PEDRA AZUL?;-16.0058567;-41.2793731
LAJINHA;-20.1520595;-41.6240623
SANTA RITA DE MINAS;-19.8745404;-42.1325122
VARGEM GRANDE DO RIO PARDO;-15.4027415;-42.311441
MANHUAÇU;-20.2574434;-42.0340769
POCRANE;-19.6201477;-41.6365906
IPATINGA;-19.4777807;-42.5270802
ITARANA;-19.8748185;-40.8762716
AIMORÉS;-19.4917754;-41.0615603
IRUPI;-20.346479;-41.6392581
ITUETA;-19.3962456;-41.2263075
SÃO ROQUE DO CANAÃ;-19.7385942;-40.6598575
SÃO JOÃO EVANGELISTA;-18.548023;-42.7652888
BOM JESUS DO GALHO;-19.8283191;-42.3162256
AFONSO CLÁUDIO;-20.0744817;-41.1251335
MUNIZ FREIRE;-20.4636068;-41.4137007
BREJETUBA;-20.1465817;-41.2902303
PADRE PARAÍSO;-17.0750322;-41.4850334
REDUTO;-20.2442531;-41.9839974
ESMERALDAS;-19.7613111;-44.3145945
CONCEIÇÃO DO CASTELO;-20.3601311;-41.2470343
ARACRUZ;-19.8245218;-40.2735025
CAPITÓLIO;-20.6114193;-46.1326543
SANTA MARIA DE JETIBÁ;-20.025296;-40.743931
MANHUMIRIM;-20.3599141;-41.9554606
VARGEM ALTA;-20.6733324;-41.0107231
OURO VERDE DE MINAS;-18.0695301;-41.272395
DOMINGOS MARTINS;-20.3646483;-40.6585797
CONCEIÇÃO DA BARRA;-18.5841421;-39.7371844
PORCIÚNCULA;-20.8956337;-41.9332211
FORTUNA DE MINAS;-19.561662;-44.4451854
LARANJA DA TERRA;-19.9000548;-41.0567612
LINHARES;-19.341076;-39.9483354
AMÉRICO BRASILIENSE;-21.7297099;-48.1052092
SANTA TERESA;-19.936339;-40.597945
MONTE ALEGRE;-1.9989108;-54.0727694
CASIMIRO DE ABREU;-22.4756154;-42.1522235
CARANGOLA;-20.733638;-42.0299412
CARIACICA;-20.263202;-40.416549
ALENQUER;-1.946229;-54.738355
VENDA NOVA DO IMIGRANTE;-20.3325787;-41.1295842
AMPARO;-22.70111;-46.76444
ALFREDO CHAVES;-20.6356507;-40.7484424
SERRA;39.6851966;-0.4281287
MONTE ALEGRE DO SUL;-22.681861;-46.6798783
SANTA LEOPOLDINA;-20.0987046;-40.5269434
MARECHAL FLORIANO;-20.4124966;-40.6749858
AMORINÓPOLIS;-16.6211308;-51.0949921
SÃO MATEUS;-18.7146049;-39.8539499
VIANA;42.5154725;-2.3713437
CANAÃ;-20.685555;-42.62
MARICÁ;-22.9088759;-42.8171914
CAPUTIRA;-20.171945;-42.270278
FERVEDOURO;-20.7295764;-42.2792737
SANTA MARIA MADALENA;-21.9518563;-41.9000248
SÃO JOÃO DA BOA VISTA;-21.9687099;-46.7969216
SILVA JARDIM;-22.6509706;-42.3947353
MACAÉ;-22.2828305;-41.9649091
BARRA DO GARÇAS;-15.8916033;-52.2615413
ITATIBA;-23.0055542;-46.8397726
MAIRIPORÃ;-23.3190348;-46.5876377
ATIBAIA;-23.1177393;-46.5547861
NAZARÉ PAULISTA;-23.1819309;-46.3992986
SÃO PAULO;-23.5506507;-46.6333824
BRUMADINHO;-20.143611;-44.2
JARINU;-23.0949649;-46.7148565
CAIEIRAS;-23.3644621;-46.7484765
FRANCO DA ROCHA;-23.3328038;-46.724446
BARRA LONGA;-20.2833541;-43.0423516
CARMO DA MATA;-20.558334;-44.8703774
MAR DE ESPANHA;-21.866945;-43.01
NOVA LIMA;-19.9854089;-43.8470691
MARIANA;-20.3781468;-43.4174862
GOIANÁ;-21.5375;-43.2014
TERESÓPOLIS;-22.4164578;-42.975194
RIO ACIMA;-20.0875;-43.789166
PONTE NOVA;-20.4164353;-42.90878
IBIÚNA;-23.6544825;-47.220856
INDAIATUBA;-23.0908356;-47.2180677
VALENÇA;-22.2461028;-43.6996917
GUARULHOS;-23.4675941;-46.5277704
CAETÉ;-19.897777;-43.670278
ITAPECERICA DA SERRA;-23.7176303;-46.8492435
SANTA BÁRBARA;-19.959444;-43.415278
MATEUS LEME;-19.986666;-44.428056
FRANCISCO MORATO;-23.2817308;-46.7448996
PARAÍBA DO SUL;-22.1636384;-43.2916915
MACHADO;-21.6762861;-45.9211696
PRESIDENTE BERNARDES;-20.7685467;-43.1877237
PIEDADE;-23.7074096;-47.4252319
PIRANGA;-20.685;-43.3
MIGUEL PEREIRA;-22.4539417;-43.4691978
VIÇOSA;-20.7538586;-42.8815888
SÃO THOMÉ DAS LETRAS;-21.7218272;-44.9849435
BARÃO DE COCAIS;-19.9452437;-43.4870298
PORTO FIRME;-20.672778;-43.084444
JUIZ DE FORA;-21.7609533;-43.3501129
MARIPÁ DE MINAS;-21.6975;-42.959167
SIMÃO PEREIRA;-21.963611;-43.311667
ERVÁLIA;-20.8377232;-42.6559789
PIAU;-21.5074738;-43.320587
SABARÁ;-19.8900372;-43.8107916
JUNDIAÍ;-23.1887668;-46.884506
NOVA FRIBURGO;-22.3061661;-42.4934183
SANTO ANTÔNIO DO AVENTUREIRO;-21.7579052;-42.815566
RIO DAS FLORES;-22.1683478;-43.5858689
RAPOSOS;-19.967223;-43.804167
ALVINÓPOLIS;-20.1105199;-43.0601805
BICAS;-21.7213723;-43.0604327
CONCEIÇÃO DOS OUROS;-22.4124143;-45.797067
RIO PRETO;-22.089444;-43.8275
RIO NOVO;-21.4753189;-43.1250813
CANTAGALO;-21.9815;-42.3645
COTIA;-23.603889;-46.918889
ARUJÁ;-23.396266;-46.3175449
ITABIRA;-19.6190169;-43.226248
BARBACENA;-21.2254524;-43.7735087
BRAGANÇA PAULISTA;-22.9520235;-46.5418586
CARMO;-21.9338;-42.6084
GUARACIABA;-20.5718037;-43.0057078
PIRACICABA;-22.725165;-47.6493269
CONTAGEM;-19.9132749;-44.0840953
ITAVERAVA;-20.677;-43.619875
AGUANIL;-20.9424533;-45.3927152
MATIAS BARBOSA;-21.8691643;-43.3180624
PASSA TEMPO;-20.650556;-44.495833
SUMIDOURO;-22.0455;-42.6735
ESPÍRITO SANTO DO PINHAL;-22.1929522;-46.7470021
ANGRA DOS REIS;-23.1555405;-44.2344809
ENGENHEIRO PAULO DE FRONTIN;-22.5504556;-43.6783403
SANTA RITA DE JACUTINGA;-22.149166;-44.094444
JECEABA;-20.5353816;-43.983346
OURO BRANCO;-20.5222413;-43.6917283
SENHORA DE OLIVEIRA;-20.793889;-43.344166
ITANHAÉM;-24.1833421;-46.7896229
SANTOS DUMONT;-21.455867;-43.5522107
SANTO ANDRÉ;-23.6533509;-46.5279039
VÁRZEA PAULISTA;-23.2113889;-46.8283333
PARAISÓPOLIS;-22.5541683;-45.7800024
TRÊS RIOS;-22.1167884;-43.2087226
BELO VALE;-20.407778;-44.024167
RIO MANSO;-20.265079;-44.3090284
RIO CLARO;-22.7229997;-44.1359986
VALINHOS;-22.97056;-46.99583
CARANAÍBA;-20.8736914;-43.7379458
PEDRA DO ANTA;-20.5962822;-42.7179792
LAGOA DOURADA;-20.914444;-44.077778
OURO PRETO;-20.385527;-43.5035214
PEQUERI;-21.8369971;-43.1207799
CATAS ALTAS;-20.0748989;-43.4078304
LIMA DUARTE;-21.842777;-43.792777
COQUEIRAL;-21.1898365;-45.4409829
EMBU DAS ARTES;-23.6495294;-46.8528497
DUAS BARRAS;-22.0522519;-42.5194705
CONGONHAS;-20.5015168;-43.8564586
PAIVA;-21.289441;-43.4175347
BRAZÓPOLIS;-22.4742842;-45.6165577
SÃO MIGUEL ARCANJO;-23.8807771;-47.9963492
CONSELHEIRO LAFAIETE;-20.6596107;-43.785743
VASSOURAS;-22.4093928;-43.6609318
AGUAÍ;-22.0592036;-46.979384
BOM JESUS DOS PERDÕES;-23.1353864;-46.4648052
PIRAÍ;-22.6550812;-43.9193061
TRAJANO DE MORAES;-22.0637596;-42.0648701
FERROS;-19.234984;-43.019542
MIRACATU;-24.2839078;-47.4535128
SÃO ROQUE;-23.5304843;-47.1355473
MOGI MIRIM;-22.433123;-46.958246
PATY DO ALFERES;-22.4272703;-43.4219523
SANTA ISABEL;-23.3194222;-46.2271903
CACHOEIRAS DE MACACU;-22.4626861;-42.6534414
BOM JARDIM DE MINAS;-21.9476508;-44.1905987
SÃO BERNARDO DO CAMPO;-23.7080345;-46.5506747
CARMO DA CACHOEIRA;-21.460556;-45.223334
ALTO RIO DOCE;-21.0239537;-43.4133507
HELIODORA;-22.0675;-45.542222
JUQUIÁ;-24.3172209;-47.6355618
CAMBUÍ;-22.6122501;-46.0572137
SÃO JOSÉ DOS CAMPOS;-23.1867782;-45.8854538
SAPUCAIA;-22.0196881;-42.840827
ITARIRI;-24.2900711;-47.176151
SAPUCAÍ-MIRIM;-22.7480012;-45.7427651
SÃO DOMINGOS DO PRATA;-19.8671078;-42.9658318
JUQUITIBA;-23.932346;-47.0714217
MORUNGABA;-22.88;-46.79167
CAMPO LIMPO PAULISTA;-23.207791;-46.788919
BARRA DO PIRAÍ;-22.4242692;-43.8935244
PIRACAIA;-23.052545;-46.359374
EMBU-GUAÇU;-23.8317997;-46.8156204
SÃO JOSÉ DO VALE DO RIO PRETO;-22.1509994;-42.9239986
TEIXEIRAS;-20.6517875;-42.8563275
PASSA-VINTE;-22.209722;-44.2344386
PARATY;-23.1415413;-44.7610795
BAEPENDI;-21.9575733;-44.8891463
JOANÓPOLIS;-22.930004;-46.275208
PERUÍBE;-24.3218105;-46.9977452
GUARUJÁ;-23.9927768;-46.2558332
SÃO CAETANO DO SUL;-23.6195923;-46.5688323
UBATUBA;-23.433162;-45.083415
MONTEIRO LOBATO;-22.9553542;-45.8387146
PIRANGUÇU;-22.5280226;-45.4961066
RESENDE;-22.4683626;-44.4463494
SÃO SEBASTIÃO;-23.8027866;-45.4070527
SÃO BENTO DO SAPUCAÍ;-22.6884605;-45.7329767
RIO BONITO;-22.7108378;-42.6271864
ANTÔNIO CARLOS;-21.318334;-43.746666
TAUBATÉ;-23.031448;-45.5612792
CACHOEIRA PAULISTA;-22.6605578;-45.0081689
TAMBAÚ;-21.70292;-47.270344
IGARATÁ;-23.2063475;-46.156934
PETRÓPOLIS;-22.5075743;-43.1785356
ITATIAIA;-22.4955278;-44.5633108
CARAGUATATUBA;-23.62028;-45.41306
ELDORADO;-24.522583;-48.1093489
JACUPIRANGA;-24.6945594;-48.0024027
IPORANGA;-24.5843214;-48.594028
SERRA NEGRA;-22.6126459;-46.699986
SETE BARRAS;-24.3878438;-47.9265798
CANANÉIA;-25.0104609;-47.9315628
RIBEIRA;-24.6577435;-49.0086372
MORRETES;-25.4768503;-48.8322501
JOINVILLE;-26.3044898;-48.8486726
ANAPU;-3.4668292;-51.2057035
ITAIÓPOLIS;-26.3391899;-49.9071983
SANTARÉM;-2.438489;-54.699611
ACRELÂNDIA;-10.0759167;-67.0526898
CAMBORIÚ;-27.0273601;-48.6535657
INDAIAL;-26.8901747;-49.2416736
ÁGUAS MORNAS;-27.696316;-48.8247831
SÃO BONIFÁCIO;-27.900907;-48.932608
BLUMENAU;-26.9195567;-49.0658025
OEIRAS DO PARÁ;-2.0040813;-49.8596065
SÃO SALVADOR DO TOCANTINS;-12.7503331;-48.2352148
SÃO SEBASTIÃO DA GRAMA;-21.7118854;-46.8284162
RORAINÓPOLIS;0.9387308;-60.4236464
MONTE SIÃO;-22.432778;-46.572778
SOCORRO;-22.5902619;-46.5249112
TUIUTI;-22.819324;-46.6937627
CAMPINAS;-22.9056391;-47.059564
BROTAS;-22.2840884;-48.1267265
CAÇAPAVA;-23.099204;-45.707645
ÁGUAS DE SÃO PEDRO;-22.6000681;-47.8750887
PEDREIRA;-22.741347;-46.894846
POUSO ALEGRE;-22.2343858;-45.9327241
VARGEM;-22.8902379;-46.4145366
EXTREMA;-22.8548355;-46.3184553
SOLEDADE DE MINAS;-22.0607267;-45.044957
MONTE DO CARMO;-10.7647456;-48.1121813
ITIRAPINA;-22.2536514;-47.8212546
PEDRA BELA;-22.7950193;-46.4431811
MARIA DA FÉ;-22.3081652;-45.3752771
PARAIBUNA;-23.3864203;-45.6626797
MARILÂNDIA;-19.4117824;-40.5442916
PACARAIMA;4.4787884;-61.1389799
TABATINGA;-4.2327349;-69.9263372
MANAUS;-3.1316333;-59.9825041
GURUPÁ;-1.406325;-51.6427456
PEDRO AFONSO;-8.9757351;-48.1733282
BOCA DO ACRE;-8.7553487;-67.3930873
PARANÃ;-12.616747;-47.873378
COLINAS DO SUL;-14.1555935;-48.0729958
CAVALCANTE;-13.7928414;-47.4568521
MARA ROSA;-14.0148159;-49.1776521
QUERÊNCIA;-12.5944625;-52.2088505
TERESINA DE GOIÁS;-13.7789573;-47.266894
FLORES DE GOIÁS;-14.4580291;-47.0395396
PORTO DOS GAÚCHOS;-11.532999;-57.413233
NOVO BRASIL;-16.0337152;-50.7112124
JARAGUÁ;-15.7528866;-49.3344033
CORUMBÁ DE GOIÁS;-15.9268355;-48.8074659
ITAGUARU;-15.7613695;-49.6337242
JUÍNA;-11.4230908;-58.7570212
SERRANÓPOLIS;-18.3084565;-51.9569462
CABECEIRAS;-15.7995459;-46.9264991
ALEXÂNIA;-16.0834049;-48.5077803
CACHOEIRA DE GOIÁS;-16.6688414;-50.6435997
PLÁCIDO DE CASTRO;-10.3239154;-67.1824196
NOVA SERRANA;-19.875834;-44.984166
CONCEIÇÃO DO PARÁ;-19.752222;-44.896944
LUZ;-19.7903123;-45.6818948
SÃO GOTARDO;-19.3168844;-46.0476596
PARÁ DE MINAS;-19.8668656;-44.5912664
GOIANÉSIA DO PARÁ;-3.8380998;-49.0977992
COMODORO;-13.6581107;-59.786883
MATERLÂNDIA;-18.473889;-43.06
TAPURAH;-12.742385;-56.512037
URUCURITUBA;-3.1304332;-58.1549157
TANGARÁ DA SERRA;-14.6213903;-57.4907268
ÁGUA CLARA;-20.4385757;-52.8797496
MARZAGÃO;-17.980597;-48.6430322
CATALÃO;-18.1702546;-47.9447082
UNAÍ;-16.3628767;-46.892413
RIBAS DO RIO PARDO;-20.4477984;-53.7609001
BOSSOROCA;-28.7278885;-54.9120278
ESPUMOSO;-28.7256962;-52.8453751
SANTA CRUZ DO SUL;-29.714209;-52.4285807
AVARÉ;-23.1045215;-48.9259103
FELIZ NATAL;-12.3802463;-54.9389793
UBÁ;-21.12;-42.942777
BAGRE;-1.8994498;-50.2103844
ACARÁ;-1.961388;-48.1987043
ENTRE FOLHAS;-19.6258823;-42.2328975
SANTANA DO MANHUAÇU;-20.1075;-41.925556
SÃO JOSÉ DO JACURI;-18.2773091;-42.6714372
ITANHOMI;-19.171111;-41.864167
COLUNA;-18.2327272;-42.8402912
NANUQUE;-17.8393915;-40.3494631
ÁGUA BOA;-17.9956411;-42.3899261
MINAS NOVAS;-17.2174817;-42.5948698
VARGEM BONITA;-20.3282116;-46.3668419
ALVARENGA;-19.4175;-41.728334
SANTA BÁRBARA DO LESTE;-19.978334;-42.140555
SÃO JOSÉ DO MANTIMENTO;-20.003958;-41.7458061
MUTUM;-19.817223;-41.438333
SANTA MARIA DO SUAÇUÍ;-18.1894783;-42.4188445
BAIXO GUANDU;-19.5138322;-41.0182089
ITAGUAÇU;-19.8032523;-40.8564458
CARAÍ;-17.1884104;-41.6976554
CHALÉ;-20.0419425;-41.6909618
SANTA CRUZ DO RIO PARDO;-22.9060715;-49.6277378
CASTELO;-20.6022098;-41.2032124
PEÇANHA;-18.5479498;-42.5590434
DURANDÉ;-20.2026282;-41.798777
MOCOCA;-21.464731;-47.002405
FELÍCIO DOS SANTOS;-18.0765035;-43.2471128
MARTINS SOARES;-20.2574182;-41.8771753
IBITIRAMA;-20.5394377;-41.6644451
MATIPÓ;-20.2896695;-42.3426599
FRANCISCÓPOLIS;-17.9591636;-42.0088582
ALTO RIO NOVO;-19.0577208;-41.0171518
CACHOEIRO DE ITAPEMIRIM;-20.848084;-41.11129
CONSELHEIRO PENA;-19.1720883;-41.471995
SÃO ROQUE DE MINAS;-20.245277;-46.365833
RAUL SOARES;-20.102222;-42.451944
MUQUI;-20.9509368;-41.3444285
ÁGUAS DA PRATA;-21.9464285;-46.7192121
JEQUITINHONHA;-16.4335098;-41.0035557
CAPELINHA;-17.693889;-42.518611
VITÓRIA;42.8465088;-2.6724025
ANCHIETA;-20.8057672;-40.6454564
DIVINO;-20.6151497;-42.1474733
SÃO FIDÉLIS;-21.6467054;-41.7463412
GUARAPARI;-20.6718755;-40.4984617
BOM JESUS DO ITABAPOANA;-21.1351354;-41.6798294
AUTAZES;-3.5833283;-59.1301518
ITAIPÉ;-17.401944;-41.670278
CORONEL FABRICIANO;-19.5200067;-42.6282686
GUAPIMIRIM;-22.5266308;-42.9790687
RIO PIRACICABA;-19.5411584;-42.6749775
SÃO GONÇALO DO RIO ABAIXO;-19.8252042;-43.362126
ITABIRITO;-20.2519724;-43.8029171
SANTA LUZIA;-19.7702097;-43.8505291
NATÉRCIA;-22.12;-45.511389
SANTANA DO DESERTO;-21.95;-43.166667
AMPARO DO SERRA;-20.5070255;-42.8028462
ITAGUARA;-20.391389;-44.488055
ITAÚNA;-20.075556;-44.576389
RIO POMBA;-21.275;-43.178889
SENADOR FIRMINO;-20.9169703;-43.1001236
ACAIACA;-20.3621646;-43.1444162
POÁ;-23.5249082;-46.3445663
SÃO SEBASTIÃO DA BELA VISTA;-22.159167;-45.754167
VOLTA REDONDA;-22.521856;-44.1040128
PORTO FELIZ;-23.2110713;-47.5247163
PAULA CÂNDIDO;-20.8737735;-42.9862733
CARMÓPOLIS DE MINAS;-20.541224;-44.6350611
DIOGO DE VASCONCELOS;-20.4868723;-43.1984645
SÃO MIGUEL DO ANTA;-20.7065375;-42.7195395
SÃO GONÇALO;-22.821635;-42.9956797
SANTANA DOS MONTES;-20.7875735;-43.6910376
MOEDA;-20.333056;-44.0525
NITERÓI;-22.8884;-43.1147
NOVA IGUAÇU;-22.7592175;-43.4508728
CARANDAÍ;-20.9526569;-43.8066788
CIPOTÂNEA;-20.905278;-43.365556
NOVA UNIÃO;-19.6901893;-43.580107
RIO ESPERA;-20.8571756;-43.4729342
SÃO GONÇALO DO SAPUCAÍ;-21.8905238;-45.5935943
MANGARATIBA;-22.9415964;-44.1181916
ITABORAÍ;-22.7558128;-42.8829561
GUARANI;-21.35876;-43.0481021
MERCÊS;-21.1947265;-43.3407272
CONSOLAÇÃO;-22.551389;-45.921111
JOÃO MONLEVADE;-19.809444;-43.173334
PEDRO LEOPOLDO;-19.617778;-44.043055
BELO HORIZONTE;-19.9227318;-43.9450948
SÃO VICENTE;-23.9664177;-46.3861401
NATIVIDADE DA SERRA;-23.3783786;-45.4438173
ITALVA;-21.4221815;-41.6912044
BOM JARDIM;-22.1515328;-42.4186683
CAREAÇU;-22.0434124;-45.6995247
SALTO DE PIRAPORA;-23.6492502;-47.5729465
DIVINÓPOLIS;-20.1597921;-44.8739341
LAMBARI;-21.9754009;-45.3505415
ITUPEVA;-23.1531055;-47.0580347
SANTA BÁRBARA DO MONTE VERDE;-21.9578146;-43.7024953
SANTA RITA DO SAPUCAÍ;-22.2486968;-45.7064507
VESPASIANO;-19.6940958;-43.9186521
BOM JESUS DO AMPARO;-19.7045132;-43.4752911
RESSAQUINHA;-21.063056;-43.762778
BARROSO;-21.187137;-43.9771259
CAMBUQUIRA;-21.853056;-45.2953619
IGUAPE;-24.7042692;-47.5563733
SÃO LOURENÇO DA SERRA;-23.8535923;-46.9440587
TAPIRAÍ;-23.9638345;-47.5067136
PEDRO DE TOLEDO;-24.2769071;-47.23393
PINHEIRAL;-22.5129436;-44.001435
SILVEIRAS;-22.66384;-44.852157
JACUTINGA;-22.285833;-46.612222
ITAPIRA;-22.436111;-46.821667
MURIAÉ;-21.1313485;-42.3628918
LONDRINA;-23.6916604;-46.5861666
TREMEMBÉ;-22.95714;-45.547526
NATAL;-5.7980924;-35.2364029
SANTA RITA DO PASSA QUATRO;-21.7103738;-47.4777943
HUMAITÁ;-7.5099404;-63.0248674
REGISTRO;-24.497942;-47.844895
CAJATI;-24.7272376;-48.1077914
ADRIANÓPOLIS;-24.6557863;-48.9912769
PARIQUERA-AÇU;-24.7146891;-47.8802361
GUARAQUEÇABA;-25.2983566;-48.3290185
BARRA DO TURVO;-24.756421;-48.5056942
PARANAGUÁ;-25.5148822;-48.5226695
SÃO JOSÉ DOS PINHAIS;-25.533816;-49.2072163
ANTONINA;-25.4298854;-48.7125431
ITAÓCA;-24.6409691;-48.8410159
GUARATUBA;-25.8806192;-48.5750905
APIAÍ;-24.5076527;-48.8461582
RIBEIRÃO BRANCO;-24.2211495;-48.7678322
QUATRO BARRAS;-25.3708987;-49.0745672
SÃO BENTO DO SUL;-26.2483669;-49.3820672
JARAGUÁ DO SUL;-26.4897432;-49.0778063
POMERODE;-26.7356218;-49.1770095
TAIÓ;-27.1167574;-50.0002159
ANITÁPOLIS;-27.9041185;-49.1287395
URUSSANGA;-28.5191381;-49.3201776
PAULO LOPES;-27.964968;-48.6830299
GURUPI;-11.72794;-49.068046
VARGEM GRANDE DO SUL;-21.8310636;-46.893303
MARAÃ;-1.8535579;-65.5897749
NOVO BRASIL;-6.0901912;-49.8675601
CAMANDUCAIA;-22.755278;-46.144444
CAMETÁ;-2.242949;-49.497885
SILVIANÓPOLIS;-22.029723;-45.835277
ÁGUAS DE LINDÓIA;-22.4718855;-46.6291034
JAMBEIRO;-23.2556416;-45.6919926
POÇOS DE CALDAS;-21.7900318;-46.5647928
MELGAÇO;-1.803202;-50.714927
PINDAMONHANGABA;-22.9364;-45.4622602
GONÇALVES;-22.658883;-45.8558405
